Date,AAPL,MSFT,GOOGL,AMZN,NVDA
2024-01-02,0.2,0.2,0.2,0.2,0.2
2024-01-03,0.9870134972760439,0.0002729661621339138,0.001252448447906868,0.011107114567341958,0.00035397354657326494
2024-01-04,0.9863127608698987,0.0002148539425449579,5.748780436195593e-06,0.013345298470919316,0.00012133793620070769
2024-01-05,0.9865283628734409,0.001079834805394248,0.00019673867501877928,0.011372208647719324,0.0008228549984266634
2024-01-08,0.9804580342593121,0.003701181920962626,0.00394467368248778,0.011170514470138167,0.0007255956670992595
2024-01-09,0.7223452860495314,0.007081879796997257,0.0013295520418162565,0.23328363049558692,0.03595965161606815
2024-01-10,0.0022135318748835796,0.0012065389817701626,0.0041057891011644,0.01574512595087496,0.9767290140913069
2024-01-11,1.0037705254440509e-08,2.445014042094766e-07,2.0167499439788502e-05,6.68045999800154e-08,0.9999795111568508
2024-01-12,4.594527657289237e-09,6.467016266811552e-08,5.010059335898321e-06,2.6626448484451313e-08,0.9999948940495254
2024-01-16,4.2548280632938765e-09,1.4591846423734778e-07,4.695115686219891e-06,7.273605038462437e-08,0.9999950819749711
2024-01-17,7.3169598071696325e-09,8.452123529988242e-07,6.2631493813188136e-06,1.0861495527946406e-07,0.9999927757063506
2024-01-18,1.3594794387133714e-08,1.9141083443823894e-06,4.722874955676625e-06,1.1186234424195609e-07,0.9999932375595613
2024-01-19,5.270820494767251e-07,9.88361861190332e-06,0.00044353154616445166,4.073254203460001e-06,0.9995419844989707
2024-01-22,5.38488353096904e-07,5.7419451118400795e-06,0.00024382999074307475,1.949462148784575e-05,0.9997303949543042
2024-01-23,3.4150874101929645e-07,6.607906352088879e-06,0.00013544192272464217,9.692330948501874e-06,0.9998479163312338
2024-01-24,2.469748088697165e-07,4.931626379335789e-06,4.848622525634513e-05,1.620062708806735e-05,0.9999301345464673
2024-01-25,4.82532860446575e-07,1.2106316135466201e-05,6.77838493527057e-05,6.189574455677174e-05,0.9998577315570947
2024-01-26,3.863652295709691e-07,3.118292746163523e-05,6.179987125092538e-05,0.00022500155878383315,0.999681629277274
2024-01-29,3.4954993340217143e-07,3.701394475747621e-05,3.2560795671593946e-05,0.00029223392307364793,0.9996378417865639
2024-01-30,1.5315559772745655e-06,7.819625992121459e-05,4.280290550997083e-05,0.000772016385031359,0.9991054528935602
2024-01-31,1.302301704282498e-06,0.00023219698513891022,0.00010727071634482945,0.00034661367712136983,0.9993126163196906
2024-02-01,6.413810756294048e-06,1.181356700381138e-05,8.058392389223104e-07,9.564532248542592e-07,0.9999800103297761
2024-02-02,0.0611072308525618,0.0002010848843099572,2.1144032726074064e-05,0.0008580345552564216,0.9378125056751457
2024-02-05,0.6398422124873678,0.00010692150762357873,1.5577964887158325e-05,0.0004031479074572161,0.3596321401326642
2024-02-06,0.7796133746189607,0.003758023724728238,4.357316575792977e-06,0.031765630269329256,0.184858614070406
2024-02-07,0.8828985244266144,0.005340213349620783,4.928487344304433e-06,0.033734838242740706,0.07802149549367969
2024-02-08,0.6889677119941847,0.029511237394641697,1.54389063176066e-05,0.15440870348667426,0.12709690821818173
2024-02-09,0.16721946322555006,0.044314486012349504,0.0001464306363718161,0.10377672191112533,0.6845428982146032
2024-02-12,0.0014900825372173947,0.0009942024636809242,0.00012354778797488974,0.004477539915721647,0.9929146272954051
2024-02-13,0.0029681146423793173,0.0006383213947603263,0.00010105202713962995,0.0014402011294671934,0.9948523108062536
2024-02-14,0.31532199088907736,0.006392786726081052,0.0008174982926417396,0.01660293855664124,0.6608647855355585
2024-02-15,0.8046485923521834,0.009646034411562022,8.63980417667795e-05,0.1662596076469627,0.019359367547525087
2024-02-16,0.9790885284186008,0.006024683423986298,1.1326058807070253e-05,0.014581104468477563,0.0002943576301283054
2024-02-20,0.9856906969244839,0.004541399424263237,9.348266154413063e-06,0.009536370878736067,0.00022218450636235333
2024-02-21,0.9945311478840653,0.0029795974297655496,2.882196927080317e-05,0.002320627891092792,0.0001398048258055797
2024-02-22,0.9982688048030104,0.0006924972328038647,1.3613844612630903e-05,0.0005040787384126738,0.000521005381160382
2024-02-23,0.9062694225187805,0.000529113413607715,1.287680773919085e-07,0.09267378248960387,0.000527552809930513
2024-02-26,0.8405953484222735,0.003235345678726769,5.178230920163579e-06,0.15199579541243272,0.004168332255646933
2024-02-27,0.9750241637851664,0.006057387382431741,2.0209383803179212e-05,0.015760752210434784,0.0031374872381639235
2024-02-28,0.9730616920566623,0.002226120008179582,4.53874260067108e-06,0.02457499331680845,0.0001326558757489337
2024-02-29,0.9846976392167481,0.004410226227832468,1.4559694496619124e-05,0.010323235673179889,0.0005543391877427807
2024-03-01,0.9595324566976628,0.0024910141790254786,3.943247160842054e-06,0.036329801321484896,0.0016427845546659397
2024-03-04,0.948229959169328,0.0031992567169870146,5.739885386719878e-06,0.033712862470176005,0.014852181758122333
2024-03-05,0.7922136515485482,0.009757595208112164,1.0751747459497953e-05,0.041927796376680926,0.1560902051191992
2024-03-06,0.7568178030978607,0.04176017178834674,0.0003266616358900098,0.10942966656502097,0.09166569691288151
2024-03-07,0.8307081171354532,0.015887740385110646,4.908951964039368e-05,0.1376736299139276,0.01568142304586817
2024-03-08,0.6469113455115563,0.0025054059045806366,7.137494351906951e-06,0.34387425367114965,0.006701857418361594
2024-03-11,0.8695196314391322,0.006759050261355454,0.0001504711828490117,0.11595020907318132,0.007620638043481957
2024-03-12,0.9316959686335708,0.004421016241164627,2.8701467630825415e-05,0.06362480645194855,0.000229507205685097
2024-03-13,0.12181411976114329,0.009518354703266507,5.242826453202628e-06,0.5143213053208268,0.3543409773883102
2024-03-14,5.7705387187106e-05,0.00018125167824749875,0.00010798030968503633,0.0005370202314145983,0.9991160423934657
2024-03-15,1.1982471975872766e-06,7.337203787040906e-07,7.699890481803392e-07,5.911494279672358e-06,0.9999913865490959
2024-03-18,2.2100756081989135e-08,1.3029036819555541e-06,7.460934053357007e-06,2.1545764732467817e-07,0.9999909986038613
2024-03-19,1.3608076222281526e-06,7.671465301392299e-05,0.000615434954999901,0.0001131831517370359,0.9991933064326269
2024-03-20,4.218088115415349e-08,5.946577792021314e-06,3.8910759908727305e-05,3.584986885788087e-06,0.9999515154945323
2024-03-21,1.3254050393795127e-08,7.374757115349954e-07,5.464481714541334e-06,8.32784688103191e-07,0.9999929520038354
2024-03-22,8.363009527751122e-09,1.2871377083104264e-07,1.6930235491500272e-06,3.1015315537448445e-07,0.9999978597465151
2024-03-25,6.329920786578074e-08,1.676630433053184e-06,6.33508486297921e-05,6.73097594771748e-06,0.9999281782457815
2024-03-26,4.270326032945279e-07,3.485963586460879e-06,0.00045386607100147047,9.683407842802231e-06,0.999532537524966
2024-03-27,8.692813346612763e-07,7.27899700252222e-06,0.0011421750760325367,4.21991981817023e-05,0.9988074774474486
2024-03-28,5.77263501219756e-07,1.2437633088298807e-06,7.125048672391632e-05,4.340074016532804e-05,0.9998835277463007
2024-04-01,1.5166709979777541e-05,3.0109018215087733e-06,0.0006353005908067598,0.00028474830214017966,0.9990617734952518
2024-04-02,0.0017628039485730214,7.113329801924827e-05,0.003197166725525954,0.06006181625555882,0.934907079772323
2024-04-03,0.09339524196777242,0.0006218981402978292,0.005800895239820074,0.27023875086024435,0.6299432137918652
2024-04-04,0.3517495762126643,0.001117908107158312,0.00198133822201837,0.494512384597492,0.15063879286066698
2024-04-05,0.9633562856070511,0.0011216441461451819,2.1311225614861808e-05,0.034823540028054364,0.0006772189931344625
2024-04-08,0.8886535933871986,0.003631152694569911,1.0394933853782663e-06,0.08017003915054839,0.027544175274297644
2024-04-09,0.9651208948244842,0.0007312584491455577,3.671633269292244e-07,0.03361818213770629,0.0005292974253370375
2024-04-10,0.6506548614727675,0.00031752082355869217,8.519208911737761e-08,0.34811081256015847,0.0009167199514261073
2024-04-11,0.9724112411605148,0.001674699326968584,8.700081785008726e-06,0.025630662150768566,0.0002746972799630445
2024-04-12,4.659087874809506e-05,2.581098056939657e-05,8.439792942733422e-07,0.058825595696431573,0.9411011584649567
2024-04-15,8.537952008062139e-09,2.856437616331066e-09,1.3223776125180183e-07,7.267036939910526e-06,0.9999925893309092
2024-04-16,8.385238815460143e-05,8.420738712115754e-08,3.071888271823656e-05,0.00019992152001342472,0.9996854230017266
2024-04-17,0.015365964815769411,1.214560152523204e-06,0.009744516244244345,0.0026005481093231307,0.9722877562705106
2024-04-18,0.7581696775220367,5.202156744022008e-06,0.0017327885708515094,0.029442969124540447,0.2106493626258272
2024-04-19,0.9787832088873165,0.0004985262235594584,0.0027433015613767173,0.015399538249100548,0.002575425078646827
2024-04-22,0.9887800633536864,5.648283554226862e-06,4.456414692662357e-06,0.006227829997830795,0.004982001950235795
2024-04-23,0.3011236700622154,0.0002722566695901642,0.0007354583603776953,0.36259031935054337,0.33527829555727334
2024-04-24,0.05076723955926654,0.0030499482384713952,0.004722406352021478,0.5178542269876886,0.42360617886255203
2024-04-25,0.04420820505753779,0.0005888034631808088,0.00036334767315242673,0.49364046917408894,0.46119917463203997
2024-04-26,0.3655000444661587,0.012081721375427052,0.2822066774902981,0.013242532540335233,0.3269690241277809
2024-04-29,0.005605028752270589,0.00976756711167048,0.015353986082287923,0.8584595919516866,0.1108138261020844
2024-04-30,0.013458096091361787,0.08132564812712238,0.34248561705544234,0.06288441722417967,0.49984622150189395
2024-05-01,0.00028397026392636013,0.004818774537681415,0.9166336724554816,0.004399938744269224,0.07386364399864147
2024-05-02,0.04577576247261136,0.1231001797262684,0.23903284387071014,0.5780847866804372,0.014006427249972968
2024-05-03,0.0001693015077535668,0.004337707748270423,0.08221532010819595,0.16613380744119868,0.7471438631945814
2024-05-06,5.677037687163853e-08,1.762911563107784e-05,0.00020009839594792867,3.478028639360487e-05,0.9997474354316506
2024-05-07,6.698090065799056e-07,3.699800707613967e-05,0.0007152009584461427,3.8766442533449075e-05,0.9992083647829377
2024-05-08,3.6516082499035706e-07,4.945837594899404e-05,0.0010570433863407158,0.00013072490967845374,0.9987624081672068
2024-05-09,2.7637759332070356e-07,4.302491768809454e-05,0.0013310402397310654,4.3883540687876145e-05,0.9985817749242997
2024-05-10,6.767277511773617e-07,5.060090798963084e-05,0.0015236360601493823,0.00036182306292982633,0.99806326324118
2024-05-13,3.375996088798994e-06,0.0007570909104323121,0.020981979544278228,0.00040604127723435987,0.9778515122719663
2024-05-14,1.748054377172689e-06,0.0006580510319258247,0.0270059592396874,0.00015999809829585093,0.9721742435757137
2024-05-15,6.020314542933501e-06,0.0025135536527217542,0.05073763693596575,0.0004985378005276295,0.9462442512962419
2024-05-16,1.958817015698312e-05,0.011508895603942493,0.08600196818738282,0.0009425909372445619,0.9015269571012731
2024-05-17,1.5697126570845106e-05,0.012961669964672278,0.08617931257297211,0.0014779728462094796,0.8993653474895753
2024-05-20,4.8907354844573055e-06,0.003694146418735818,0.03523287469877829,0.0024919379973765217,0.9585761501496248
2024-05-21,1.082477039880074e-05,0.008086326194029795,0.06660669669649386,0.0013241810242079126,0.9239719713148696
2024-05-22,1.0723023955035711e-05,0.00568518521655927,0.06103230979656741,0.001261488911102872,0.9320102930518154
2024-05-23,4.622734956040854e-06,0.003508183573568106,0.0507622118750092,0.0003836033229506065,0.9453413784935161
2024-05-24,0.00232418376023689,0.03595478447093683,0.16604741068073245,0.0011483723796378853,0.794525248708456
2024-05-28,0.028942254041532986,0.06298586924040717,0.2750498795642326,0.01311466548847724,0.6199073316653501
2024-05-29,0.13417464992400885,0.049963498103755236,0.031403183639493654,0.13628171201515915,0.6481769563175831
2024-05-30,0.11695225075107131,0.19866567093363138,0.0363899679130093,0.09112218848391858,0.5568699219183694
2024-05-31,0.8268681898484255,0.047931214980811924,0.07230938109389266,0.009990258629145555,0.04290095544772434
2024-06-03,0.9942991381531798,0.002587357565544108,0.00012016198200698375,0.0029372004486806725,5.6141850588532134e-05
2024-06-04,0.9911897160571367,0.0006801120318646213,1.1356779978565536e-05,0.008085049099941222,3.376603107887176e-05
2024-06-05,0.9902129967059974,0.00039850320736595614,4.784179851461261e-06,0.00935743692775419,2.6278979031035795e-05
2024-06-06,0.9717423215215343,0.0003138896364063943,1.926809363441465e-06,0.027888636048841665,5.322598385436457e-05
2024-06-07,0.9215190982125047,0.00012157919304798702,2.2712003511532868e-07,0.0781719930037131,0.00018710247069919398
2024-06-10,0.9953205756322591,7.733209845447263e-05,8.155887972368938e-07,0.004570653017666647,3.062366282245409e-05
2024-06-11,0.9850556761076315,0.00037941151965278545,1.8344434602289128e-08,0.014539738403485535,2.515562479552932e-05
2024-06-12,0.6032152799367697,0.008681802337304473,0.0006883895232857822,0.15317987571808778,0.23423465248455222
2024-06-13,0.11272943990777087,0.027913954357014683,0.006854463591282396,0.11313882968308073,0.7393633124608513
2024-06-14,0.071611375639133,0.01915454221910006,0.07510542792441124,0.0006586635770420473,0.8334699906403137
2024-06-17,0.028378620298547923,0.015705172225852597,0.022845721113594643,0.005586997939994548,0.9274834884220102
2024-06-18,0.0007570845971940755,0.005016010400787933,0.00918777057553229,0.0008967552291156674,0.98414237919737
2024-06-20,0.0907980390738796,0.03949053486487963,0.026324816550417556,0.001910824971377794,0.8414757845394454
2024-06-21,0.02631415548009331,0.008205921345331175,0.0011830257101955023,0.0059726255259774826,0.9583242719384025
2024-06-24,0.0012643315267999874,0.0012227191695377724,0.00011184917262895438,0.019515481600577388,0.9778856185304559
2024-06-25,1.656134036275775e-05,0.0003302998971182718,3.730250165372612e-05,0.0031374321999537613,0.9964784040609115
2024-06-26,1.7484447685514037e-05,0.0006013074525969456,0.0003097580635988743,0.004600945252188015,0.9944705047839306
2024-06-27,0.00034157819933732355,0.0002276324869328139,2.6840877719069338e-05,0.01642460864021554,0.9829793397957952
2024-06-28,0.0013482865850331577,0.0005856368618453681,1.8881138310027674e-05,0.07747390439846163,0.9205732910163498
2024-07-01,0.00024965130200287967,0.00012765742349281294,4.0575886389035735e-05,0.0035367554253499874,0.9960453599627653
2024-07-02,1.9245340056257943e-05,9.034749332463563e-06,1.3548473615090229e-05,0.0010224255507282958,0.9989357458862679
2024-07-03,1.9102887627419267e-05,1.3497341304243212e-05,1.125954714879617e-05,0.0046482727446524805,0.995307867479267
2024-07-05,1.8429895130330317e-06,2.6728952906959322e-05,8.279714542227835e-05,0.0003581850311964578,0.9995304458809613
2024-07-08,3.002772522261074e-06,4.9234031499577737e-05,4.646688767250991e-05,0.005825736112761808,0.9940755601955439
2024-07-09,4.899283296008067e-07,1.849338828500294e-05,6.015624911989479e-05,0.0002700857305350453,0.9996507747037304
2024-07-10,4.25345558939106e-06,2.8292311596774542e-05,0.0002810705856163982,0.00013884718323663303,0.9995475364639608
2024-07-11,8.748664136620949e-06,0.0001384059910841792,0.0013531380369805328,0.00032455956744822603,0.9981751477403504
2024-07-12,6.312575145008178e-07,1.0091445078796863e-06,6.762382078279141e-05,8.61350986559447e-06,0.9999221222673292
2024-07-15,5.5181823016938225e-06,8.156118676951427e-06,0.0010745275564102803,2.2803688514210247e-05,0.9988889944540968
2024-07-16,9.994985196627022e-06,4.274842978507701e-05,0.006036246944586769,0.00014218669067041272,0.9937688229497611
2024-07-17,2.7866774051040034e-06,3.5836558562573937e-07,0.00021473759921448896,8.297308078894234e-06,0.9997738200497159
2024-07-18,4.4187868411228166e-07,4.9219237652268795e-09,5.352507816072597e-06,9.163578494695237e-06,0.9999850371130814
2024-07-19,0.39110092146483727,0.0004345942487254554,0.042009131575611335,0.012417828204098742,0.5540375245067273
2024-07-22,0.057187151257277864,0.0001429431836594538,0.004780441568244928,0.0027327334021852146,0.9351567305886326
2024-07-23,0.8625765214213066,0.0012972095421471957,0.12281706063840077,0.011486265603894609,0.0018229427942508738
2024-07-24,0.9912822806415689,0.0030701898256285357,0.001720989223789905,0.00039647523949617054,0.003530065069516543
2024-07-25,8.640793030942713e-06,3.9674724497015805e-06,9.079485061810509e-06,7.843603013569466e-07,0.9999775278891562
2024-07-26,3.1822559356718025e-06,2.686899695284418e-07,0.0001258286838465579,9.655406767652093e-05,0.9997741663025718
2024-07-29,0.0005387466603479918,6.051684571216615e-06,0.0024227005794922466,0.03266793774846238,0.9643645633271262
2024-07-30,1.6658836804113502e-05,9.764323793590717e-08,0.0020765868354695742,0.005186198366213003,0.9927204583182754
2024-07-31,7.474663968880551e-08,6.251193665596018e-09,0.00020255295031111612,0.0005643147777690919,0.9992330512740865
2024-08-01,3.857020084139229e-06,1.8701567610458953e-05,0.04490160860091858,0.0007075534967493928,0.9543682793146374
2024-08-02,8.45256444984367e-09,4.2576222405433116e-08,0.000670925539375412,1.2868492787698003e-05,0.99931615493905
2024-08-05,3.3470637288955275e-06,0.0005595660776235275,0.016629465789913058,0.002827621199016497,0.979979999869718
2024-08-06,1.3879438164919873e-09,4.054832325096652e-06,3.917484527438901e-06,1.003977366421494e-07,0.999991925897467
2024-08-07,4.3623338003241104e-05,0.0170869141396777,0.0011845857244585946,0.0018345385491818403,0.9798503382486786
2024-08-08,1.0065974250562795e-06,0.002459114398859427,0.010360293216655136,0.0056515322891180055,0.9815280534979424
2024-08-09,0.00014021553475029172,0.027009731988923386,0.5682654960950629,0.29772781525110137,0.10685674113016197
2024-08-12,3.066637178821685e-05,0.21984746536377248,0.7454793227530843,0.012072778697461803,0.02256976681389333
2024-08-13,2.4320782009346314e-05,0.1553150076211076,0.8038279195373209,0.002537604313761143,0.038295147745801006
2024-08-14,0.0002855338130151545,0.23950654228306753,0.683590360187873,0.0020907101368062846,0.07452685357923805
2024-08-15,0.0036634012550468458,0.39864005334507424,0.48836528721989253,0.0032442830617571425,0.10608697511822925
2024-08-16,0.01705417454685817,0.28140443614952393,0.4161003991124771,0.04169814238198413,0.24374284780915667
2024-08-19,0.007964389073186785,0.20296674419198157,0.407277811616613,0.034137807739045484,0.3476532473791731
2024-08-20,0.03939261593973486,0.14854013809867442,0.44898327298140606,0.05378119997652442,0.3093027730036601
2024-08-21,0.019875899130023827,0.05699517353397697,0.6102653324545408,0.08587102938046753,0.22699256550099076
2024-08-22,0.030239450280056646,0.11984972437680638,0.5660097493215515,0.09337851233134993,0.19052256369023554
2024-08-23,0.004871668849763783,0.07059378452108626,0.86249248087722,0.023391677505753272,0.038650388246176746
2024-08-26,0.015314768064880357,0.09550522792792798,0.7779682114909596,0.03792601985597724,0.07328577266025478
2024-08-27,0.00220408494355261,0.02245074895045334,0.92125250282236,0.020859455928160586,0.033233207355473415
2024-08-28,0.004672591665248742,0.048671075035274014,0.922151194661042,0.005259249460695683,0.01924588917773959
2024-08-29,0.010032889800422669,0.05418777956832075,0.9281377139731792,0.0027439016515353773,0.004897715006541846
2024-08-30,0.0003310894722923568,0.009286836386534053,0.9834622592269513,0.003977086462423687,0.0029427284517985403
2024-09-03,0.00033297171631023774,0.07076445572226912,0.8426367861282918,0.07812826246539656,0.008137523967732202
2024-09-04,0.005146369033384887,0.3174517551360009,0.6394594690675234,0.004345903068122311,0.03359650369496854
2024-09-05,0.01558193632915807,0.0355603020165863,0.922428682692302,0.024422186410206676,0.002006892551746918
2024-09-06,0.0015959002287826978,0.30330972054707434,0.6168124939034891,0.012527213020482576,0.06575467230017121
2024-09-09,0.001323900790003329,0.02175036867648733,0.6829810744815386,0.0025570038255697796,0.291387652226401
2024-09-10,0.019187837913348084,0.30596924510797224,0.28562005404827057,0.05597172364919878,0.3332511392812103
2024-09-11,0.0945595075010521,0.029511848090402335,0.5973926663637987,0.056405894294132154,0.22213008375061458
2024-09-12,0.7932717866535999,0.03304604044264392,0.00046697311465164666,0.17213204081898342,0.0010831589701212315
2024-09-13,0.2601053350679918,0.017565065062081494,0.0011910907063878238,0.7181349066154011,0.0030036025481377936
2024-09-16,0.3603745730562846,0.0014961792690021387,0.33560076764987773,0.30244929602301407,7.918400182156504e-05
2024-09-17,0.9952231113982521,0.00033795082818837823,3.2404121775668513e-06,0.004404217085198768,3.148027618319409e-05
2024-09-18,0.883011451269481,0.0013060095412033364,5.806288891020241e-07,0.11227293441915104,0.003409024141275498
2024-09-19,0.008558221820966676,0.0011984964745603024,3.2180469461067132e-06,0.9891589193917593,0.0010811442657675766
2024-09-20,0.0009391660624204016,0.0006102641799869792,0.8731171965483828,0.1241383413597001,0.0011950318495096543
2024-09-23,3.993562668274572e-05,0.0028282664960860094,0.0018674776616046341,0.9854997248783451,0.009764595337281483
2024-09-24,0.003183009652450742,0.00046141530176952334,0.7452352608612879,0.1435437402776965,0.1075765739067953
2024-09-25,0.0010467947283927079,0.011144610580711872,0.003882919389573179,0.5704680268770091,0.41345764842431315
2024-09-26,0.0001845380509897369,0.0003283349352293959,0.0048149662189836875,0.001122482482680229,0.9935496783121169
2024-09-27,1.0552650078724741e-05,6.222042474674716e-05,0.0013834794161743326,5.6948537499834345e-05,0.9984867989715003
2024-09-30,5.79372437385295e-07,5.2335651989775394e-05,0.0018879065297438158,3.5448514889090806e-05,0.9980237299309399
2024-10-01,6.998601150216043e-07,0.00038112441408617804,0.004398856457611267,0.00010935172176798624,0.9951099675464196
2024-10-02,6.183970518881343e-08,4.054595933012684e-05,0.0057989613444539585,6.205340661633428e-05,0.9940983774498944
2024-10-03,3.625211558921946e-07,0.00010587346247643529,0.037689447801523154,7.978478748844188e-05,0.9621245314273561
2024-10-04,1.7729307346475956e-05,0.0018992064515084988,0.6969202292616747,0.00025491106505537236,0.300907923914415
2024-10-07,0.004994521130093783,0.03631039414347316,0.5663940545643328,0.06162332345733571,0.3306777067047646
2024-10-08,0.05886808085778475,0.0371017326865312,0.8673502515865494,0.02413660115264577,0.012543333716488829
2024-10-09,0.8732238912179687,0.017413989199021308,0.05546590851809484,0.05022373566093648,0.003672475403978871
2024-10-10,0.9950380298285642,0.0024874700639428535,2.791914496945703e-05,0.0023400303147389496,0.00010655064778459329
2024-10-11,0.9856851725503033,0.003755100709864475,3.347998646902298e-05,0.010020345075244595,0.0005059016781186048
2024-10-14,0.8837458476928887,0.007725131592454255,0.00011068569300664929,0.09995672726546134,0.00846160775618904
2024-10-15,0.9525118572556667,0.0020543790402061937,4.086998879451139e-05,0.041319248040439197,0.004073645674893396
2024-10-16,0.06595811024006795,0.02139123324513164,0.001507406918097277,0.017326209322740652,0.8938170402739625
2024-10-17,0.00021437620855664844,0.00021794255044656956,0.02224594014706321,0.0001045729703129145,0.9772171681236206
2024-10-18,0.0003059037749694379,6.859653997834916e-05,0.001996395571480161,6.515887561169732e-06,0.9976225882260109
2024-10-21,1.9671000320052993e-06,2.1574934667009565e-06,8.02888373062649e-05,2.7683497330000256e-07,0.9999153097342217
2024-10-22,9.581765763735976e-06,6.719825219870971e-06,0.0002021902437570916,6.90771262987802e-07,0.9997808173939963
2024-10-23,1.637569727103587e-06,1.8450633897788777e-06,0.00012383024611644465,1.8716700647189219e-07,0.9998724999537603
2024-10-24,0.01672945274691706,0.008908912633133773,0.012338792813951527,5.208834127236261e-05,0.9619707534647253
2024-10-25,0.32989598995236163,0.014200890589352429,0.005647190254860461,0.001132697216570542,0.649123231986855
2024-10-28,2.2857114844352633e-06,1.6047648238015323e-05,9.76078727132852e-05,1.1367652487415706e-06,0.9998829220023155
2024-10-29,1.109498827775587e-07,3.4282448049037727e-06,0.00039906152980564985,6.303261401259431e-07,0.9995967689493666
2024-10-30,1.3989310849235407e-06,3.6086236594931096e-06,0.00025928724065796895,3.224602200087174e-05,0.9997034591825967
2024-10-31,0.000427830015672342,9.498972785880695e-05,0.003965040272084287,0.054853222968505824,0.9406589170158787
2024-11-01,0.6001719265273819,0.007344064153754835,0.23454764055137492,0.10371856776000167,0.05421780100748674
2024-11-04,0.992625330567562,0.003794061400261076,6.836261360797675e-05,0.0033680312605999818,0.00014421415796908192
2024-11-05,0.9795149273065475,0.017191711885824353,0.0013094728403425637,0.001329264712042509,0.0006546232552430373
2024-11-06,0.8630487356692559,0.04447877252817959,0.019600629343916137,0.008520271812210187,0.06435159064643828
2024-11-07,0.16371555606553617,0.005881037594456881,0.020438355390490978,0.213080824303236,0.5968842266462799
2024-11-08,0.0012747800601814083,0.00022610129554080587,0.05034034888976136,0.02062633261613857,0.9275324371383777
2024-11-11,0.0004878548520204037,0.00021317068840968567,0.10763027368799895,0.0013185123906513795,0.8903501883809195
2024-11-12,0.006991397271255935,0.0023314249192454978,0.22506765995362463,0.024563324750760125,0.7410461931051138
2024-11-13,0.0008359182921949705,0.0006255025877319639,0.02070218435009999,0.018343094905582582,0.9594932998643905
2024-11-14,6.706892448916192e-05,2.734006850382877e-05,0.004940031971075937,0.0002453133099532154,0.9947202457259778
2024-11-15,5.365576277400637e-07,1.217620028369739e-06,0.0002650815557982664,4.082557673598658e-06,0.9997290817088721
2024-11-18,1.476109736090727e-05,2.291549872072452e-07,0.001844686588714218,3.760446775153923e-06,0.9981365627121624
2024-11-19,8.920892435862168e-08,8.409167756543595e-09,2.0429282357797744e-05,6.860045630157567e-06,0.9999726130539199
2024-11-20,3.2253223397010185e-06,9.036724695467289e-06,0.00404848820925539,2.0074104405362527e-05,0.995919175639304
2024-11-21,1.1780440639643797e-07,3.05206071765307e-07,0.00013332930645352576,5.453161542456304e-07,0.9998657023669141
2024-11-22,2.874961678082056e-06,2.583152064400555e-06,3.903638067324455e-05,1.2389619712475587e-07,0.9999553816093872
2024-11-25,0.002185920216466612,4.698572136529897e-05,0.00029430687555171244,9.38900153092799e-05,0.997378897171307
2024-11-26,2.885947943600942e-09,2.6854919111662708e-08,3.6987107644693748e-06,6.6052768083669176e-06,0.9999896662715602
2024-11-27,1.2989242512056568e-07,9.45702008587455e-07,0.0001336876673426759,0.0001560166689890241,0.9997092200692346
2024-11-29,3.147098482904415e-09,1.1800528557245612e-07,1.0059499647964631e-05,2.20813045262566e-05,0.9999677380434417
2024-12-02,3.879598198152087e-09,5.14883378362942e-08,1.1071770171879769e-05,4.216770163194268e-06,0.9999846560917289
2024-12-03,7.655639169724641e-07,2.871301544467536e-06,0.002961317561433329,0.0016267478144408954,0.9954082977586644
2024-12-04,1.531990296936748e-07,2.7834571793684076e-07,0.00033649449734079464,7.313959089966213e-05,0.9995899343670118
2024-12-05,4.49993292458164e-05,3.456317320064643e-06,0.014965058674147427,0.0010529879924125573,0.9839334976868742
2024-12-06,1.9240581655524708e-05,1.9983812464642704e-06,0.011632440119655628,0.00022836415932523914,0.9881179567581171
2024-12-09,6.703596984507477e-07,2.5111149668448966e-07,0.00018573953214547702,5.332400832385738e-05,0.9997600149883356
2024-12-10,6.939727863551323e-08,6.339252172972568e-07,6.210169618245956e-05,0.00021773099652812452,0.9997194639847934
2024-12-11,3.86283407523794e-06,2.9207643124770907e-06,4.1843503674888915e-06,0.30656042732553507,0.6934286047257098
2024-12-12,9.08197710599589e-06,5.731264489463915e-05,2.3572340063676936e-05,0.8470781956012746,0.15283183743666115
2024-12-13,1.4575390645114757e-05,0.00013076932775396604,0.023638519161937776,0.4322094163420768,0.5440067197775864
2024-12-16,3.883636607730657e-07,6.2639877521214545e-06,0.00012653531084484216,0.04677513430519891,0.9530916780325434
2024-12-17,7.834746633982917e-07,4.548078318638523e-06,6.981022771652038e-06,0.045767555554943475,0.9542201318693029
2024-12-18,1.1524661565627728e-07,1.8815880464701666e-06,3.621752503645393e-06,0.009072435491130432,0.9909219459217038
2024-12-19,1.1527915385214433e-08,1.3055772074429586e-07,5.133360947763423e-07,0.0009477606416866135,0.9990515839365824
2024-12-20,1.3615962095435053e-09,5.899848916725436e-08,6.471990608478232e-07,7.000206982826734e-05,0.9999292903710255
2024-12-23,2.5603687661385352e-09,4.5975533710756663e-07,8.927647267654864e-06,2.9816183018674716e-05,0.9999607938540078
2024-12-24,1.2622446797439714e-07,8.288553087688322e-06,0.0004882447856801882,7.842538552283141e-05,0.9994249150512413
2024-12-26,4.7939462643800175e-08,1.8998635588850126e-06,9.694512587273403e-05,3.129458980122681e-05,0.9998698124813046
2024-12-27,7.033785592336661e-08,1.903815252904742e-06,0.00022099686467367413,3.330533363194323e-05,0.9997437236485855
2024-12-30,4.4194308120862606e-08,1.4016394477666398e-07,0.00010624655379217233,1.0724400724855116e-05,0.9998828446872301
2024-12-31,1.3300456866256504e-05,3.98547635113426e-06,0.008985135551846098,0.00023440057643482574,0.9907631779385018
