episode,total_reward,portfolio_value,cumulative_return,transaction_costs,mean_actor_loss,mean_critic_loss,duration_sec
1,1.8607538746825527,473885.2688941501,3.738852688941501,353737.59231131134,-0.020275817497987934,0.00015522529351239263,32.98929476737976
2,2.421744802698589,730886.931863089,6.30886931863089,237637.85315781462,-0.08461911716023802,0.00011349245471399975,27.211003303527832
3,3.462403184633998,2079704.6726819284,19.797046726819286,353120.48728435615,-0.13095150087670282,0.00011743672869750435,25.711760997772217
4,4.330298053049382,4845893.500034006,47.45893500034006,910390.7317413707,-0.1651769909709779,0.00012314508793988662,25.34567666053772
5,4.236754489055203,4337725.311594453,42.37725311594453,884677.1868847577,-0.1960460770585978,0.0001430720728177113,29.961939334869385
6,4.101158470877122,4027762.2937474963,39.277622937474966,767843.0540619268,-0.2254055505145452,0.0001755816476161728,31.2349112033844
7,4.34381182086511,5107737.089500784,50.07737089500784,1471376.3903563165,-0.2604966284114578,0.00024719320761556487,30.77100658416748
8,5.7088043673506865,18882267.727211308,187.82267727211308,2871709.080472042,-0.29862074558315954,0.00031567021302027453,27.093442916870117
9,5.578848585656524,15835319.277786402,157.35319277786402,1392204.0830306115,-0.34206090830114244,0.0003952505114138038,25.971126556396484
10,5.8350625686069595,20425583.03303035,203.2558303303035,1544074.3473783326,-0.3911216085895209,0.0005149034784705271,26.774272203445435
11,5.706034631127073,17882448.674768418,177.82448674768418,1940257.691286253,-0.4456271563297256,0.0005651886726185756,25.907333612442017
12,5.608208052568951,16015559.24469683,159.15559244696829,2246199.3683468183,-0.49177811738001415,0.0006139479096708015,25.734890937805176
13,5.88564400856191,20559481.815953325,204.59481815953325,1793331.5127119855,-0.53647801746281,0.0007907256695183111,25.072206020355225
14,4.5026239012118,5692696.021252158,55.92696021252158,639658.799691532,-0.6000133802754379,0.0016417601050999857,25.917951345443726
15,3.687905365085563,2683215.59453723,25.832155945372303,258979.7120919123,-0.6872708690980688,0.003601567472677278,24.021865367889404
